INSERT INTO users (id, username, email, password_hash, phone, is_host, created_at)
VALUES
(1, 'Daniel Odinga', 'daniel.odinga@example.com', 'f8ae4dd7c5b85df4519e3c3434aa7dcf9a4ed274cc68a4a1c1e57fa1b2c4b82a', '+254734036506', TRUE, '2025-09-06 07:53:23'),
(2, 'Samuel Mutua', 'samuel.mutua@example.com', '93446f17ed6457b1cbbee6e7fdb203dc137bcc0f1ac76a00d0eaa5fd091c2c29', '+254334760738', TRUE, '2025-02-13 05:40:50'),
(3, 'Mary Mutesi', 'mary.mutesi@example.com', 'f8ae4dd7c5b85df4519e3c3434aa7dcf9a4ed274cc68a4a1c1e57fa1b2c4b82a', '+254702632297', TRUE, '2025-01-10 17:07:01'),
(4, 'Joseph Mutesi', 'joseph.mutesi@example.com', '3c5e688c1a7e4fefb6ff7bcb32eecdf3c8e7a4c23a7074c722a3c3cd542301dc', '+256582334538', TRUE, '2025-10-15 23:45:05'),
(5, 'James Mohamud', 'james.mohamud@example.com', '93446f17ed6457b1cbbee6e7fdb203dc137bcc0f1ac76a00d0eaa5fd091c2c29', '+256849621470', TRUE, '2025-04-17 19:27:32'),
(6, 'Samuel Lemlem', 'samuel.lemlem@example.com', '70141dc13ddd90b4eb55c7cfa77b49216775eeed4269500f48b3b170faf53ba4', '+256331191390', TRUE, '2025-04-06 02:33:27'),
(7, 'Mohamed Odinga', 'mohamed.odinga@example.com', '93446f17ed6457b1cbbee6e7fdb203dc137bcc0f1ac76a00d0eaa5fd091c2c29', '+250203848421', TRUE, '2025-03-28 16:28:29'),
(8, 'Abdi Lemlem', 'abdi.lemlem@example.com', 'f8ae4dd7c5b85df4519e3c3434aa7dcf9a4ed274cc68a4a1c1e57fa1b2c4b82a', '+255966647391', TRUE, '2025-02-24 04:35:15'),
(9, 'George Barasa', 'george.barasa@example.com', 'f8ae4dd7c5b85df4519e3c3434aa7dcf9a4ed274cc68a4a1c1e57fa1b2c4b82a', '+254506448196', TRUE, '2025-10-14 00:24:33'),
(10, 'Elijah Mutesi', 'elijah.mutesi@example.com', '70141dc13ddd90b4eb55c7cfa77b49216775eeed4269500f48b3b170faf53ba4', '+252764130526', TRUE, '2025-02-09 19:19:27'),
(11, 'Abdi Abdullahi', 'abdi.abdullahi@example.com', '6e23ae818ce6709ab859f56f01cc4cf7ad5a3323e84a0fd1d4002173423b7d5d', '+252174684276', TRUE, '2025-09-20 19:17:46'),
(12, 'George Tesfaye', 'george.tesfaye@example.com', '70141dc13ddd90b4eb55c7cfa77b49216775eeed4269500f48b3b170faf53ba4', '+254349957310', TRUE, '2025-10-15 15:31:25'),
(13, 'Amina Okello', 'amina.okello@example.com', '70141dc13ddd90b4eb55c7cfa77b49216775eeed4269500f48b3b170faf53ba4', '+250782560971', TRUE, '2025-12-13 11:42:58'),
(14, 'Abdi Kagame', 'abdi.kagame@example.com', '70141dc13ddd90b4eb55c7cfa77b49216775eeed4269500f48b3b170faf53ba4', '+255324956459', TRUE, '2025-07-31 19:11:04'),
(15, 'Peter Odinga', 'peter.odinga@example.com', 'f8ae4dd7c5b85df4519e3c3434aa7dcf9a4ed274cc68a4a1c1e57fa1b2c4b82a', '+252283758720', TRUE, '2025-02-03 18:19:43'),
(16, 'Ali Tesfaye', 'ali.tesfaye@example.com', '6e23ae818ce6709ab859f56f01cc4cf7ad5a3323e84a0fd1d4002173423b7d5d', '+250507437181', TRUE, '2025-08-18 07:47:20'),
(17, 'Peter Mutesi', 'peter.mutesi@example.com', '6e23ae818ce6709ab859f56f01cc4cf7ad5a3323e84a0fd1d4002173423b7d5d', '+252448195935', TRUE, '2025-06-13 20:35:47'),
(18, 'George Tesfaye', 'george.tesfaye@example.com', '93446f17ed6457b1cbbee6e7fdb203dc137bcc0f1ac76a00d0eaa5fd091c2c29', '+255530747414', TRUE, '2025-01-13 08:14:09'),
(19, 'Peter Odinga', 'peter.odinga@example.com', '6e23ae818ce6709ab859f56f01cc4cf7ad5a3323e84a0fd1d4002173423b7d5d', '+251870854579', TRUE, '2025-01-12 13:43:48'),
(20, 'Mohamed Tesfaye', 'mohamed.tesfaye@example.com', '3c5e688c1a7e4fefb6ff7bcb32eecdf3c8e7a4c23a7074c722a3c3cd542301dc', '+250790256940', TRUE, '2025-02-06 09:18:10'),
(21, 'Linda Baraka', 'linda.baraka@example.com', 'f8ae4dd7c5b85df4519e3c3434aa7dcf9a4ed274cc68a4a1c1e57fa1b2c4b82a', '+254719845123', FALSE, '2025-05-03 14:23:15'),
(22, 'Andrew Kiprotich', 'andrew.kiprotich@example.com', '6e23ae818ce6709ab859f56f01cc4cf7ad5a3323e84a0fd1d4002173423b7d5d', '+254732918456', FALSE, '2025-06-11 10:40:07'),
(23, 'Fatuma Hassan', 'fatuma.hassan@example.com', '93446f17ed6457b1cbbee6e7fdb203dc137bcc0f1ac76a00d0eaa5fd091c2c29', '+255742819430', FALSE, '2025-07-21 08:19:33'),
(24, 'Eric Nkurunziza', 'eric.nkurunziza@example.com', '3c5e688c1a7e4fefb6ff7bcb32eecdf3c8e7a4c23a7074c722a3c3cd542301dc', '+257723914005', FALSE, '2025-04-30 17:12:59'),
(25, 'Stella Mugisha', 'stella.mugisha@example.com', '70141dc13ddd90b4eb55c7cfa77b49216775eeed4269500f48b3b170faf53ba4', '+256755112334', FALSE, '2025-08-27 11:25:04'),
(26, 'Peter Abayo', 'peter.abayo@example.com', 'f8ae4dd7c5b85df4519e3c3434aa7dcf9a4ed274cc68a4a1c1e57fa1b2c4b82a', '+254788229004', FALSE, '2025-01-16 09:30:48'),
(27, 'Grace Atieno', 'grace.atieno@example.com', '6e23ae818ce6709ab859f56f01cc4cf7ad5a3323e84a0fd1d4002173423b7d5d', '+254702116478', FALSE, '2025-11-04 16:18:21'),
(28, 'David Kaggwa', 'david.kaggwa@example.com', '3c5e688c1a7e4fefb6ff7bcb32eecdf3c8e7a4c23a7074c722a3c3cd542301dc', '+256787123940', FALSE, '2025-10-02 12:49:56'),
(29, 'Lucy Wambui', 'lucy.wambui@example.com', '70141dc13ddd90b4eb55c7cfa77b49216775eeed4269500f48b3b170faf53ba4', '+254722415963', FALSE, '2025-03-07 14:00:00'),
(30, 'Brian Mbabazi', 'brian.mbabazi@example.com', '93446f17ed6457b1cbbee6e7fdb203dc137bcc0f1ac76a00d0eaa5fd091c2c29', '+256701557899', FALSE, '2025-09-22 11:15:13'),
(31, 'Caroline Nyirabahire', 'caroline.nyirabahire@example.com', 'f8ae4dd7c5b85df4519e3c3434aa7dcf9a4ed274cc68a4a1c1e57fa1b2c4b82a', '+250785112399', FALSE, '2025-02-05 15:40:44'),
(32, 'Vincent Niyonzima', 'vincent.niyonzima@example.com', '6e23ae818ce6709ab859f56f01cc4cf7ad5a3323e84a0fd1d4002173423b7d5d', '+257789456123', FALSE, '2025-07-05 17:22:19'),
(33, 'Paul Okoth', 'paul.okoth@example.com', '70141dc13ddd90b4eb55c7cfa77b49216775eeed4269500f48b3b170faf53ba4', '+254756894001', FALSE, '2025-06-15 10:27:38'),
(34, 'Ann Nanyonga', 'ann.nanyonga@example.com', '3c5e688c1a7e4fefb6ff7bcb32eecdf3c8e7a4c23a7074c722a3c3cd542301dc', '+256773891002', FALSE, '2025-08-09 18:32:12'),
(35, 'Felix Gatera', 'felix.gatera@example.com', 'f8ae4dd7c5b85df4519e3c3434aa7dcf9a4ed274cc68a4a1c1e57fa1b2c4b82a', '+250789001123', FALSE, '2025-05-14 08:14:58'),
(36, 'Esther Abebe', 'esther.abebe@example.com', '93446f17ed6457b1cbbee6e7fdb203dc137bcc0f1ac76a00d0eaa5fd091c2c29', '+251911234556', FALSE, '2025-03-20 07:49:43'),
(37, 'John Mureithi', 'john.mureithi@example.com', '70141dc13ddd90b4eb55c7cfa77b49216775eeed4269500f48b3b170faf53ba4', '+254788456312', FALSE, '2025-11-23 13:00:09'),
(38, 'Susan Mugabe', 'susan.mugabe@example.com', '6e23ae818ce6709ab859f56f01cc4cf7ad5a3323e84a0fd1d4002173423b7d5d', '+256789451267', FALSE, '2025-01-25 12:20:27'),
(39, 'Emmanuel Tsegaye', 'emmanuel.tsegaye@example.com', '3c5e688c1a7e4fefb6ff7bcb32eecdf3c8e7a4c23a7074c722a3c3cd542301dc', '+251923456789', FALSE, '2025-04-01 09:17:11'),
(40, 'Rachel Tumusiime', 'rachel.tumusiime@example.com', 'f8ae4dd7c5b85df4519e3c3434aa7dcf9a4ed274cc68a4a1c1e57fa1b2c4b82a', '+256790012345', FALSE, '2025-12-03 16:45:39'),
(41, 'Moses Kiplagat', 'moses.kiplagat@example.com', '6e23ae818ce6709ab859f56f01cc4cf7ad5a3323e84a0fd1d4002173423b7d5d', '+254711234567', FALSE, '2025-02-18 14:11:22'),
(42, 'Rose Mwikali', 'rose.mwikali@example.com', '70141dc13ddd90b4eb55c7cfa77b49216775eeed4269500f48b3b170faf53ba4', '+254723456789', FALSE, '2025-03-30 10:25:33'),
(43, 'Samuel Bahati', 'samuel.bahati@example.com', 'f8ae4dd7c5b85df4519e3c3434aa7dcf9a4ed274cc68a4a1c1e57fa1b2c4b82a', '+255712345678', FALSE, '2025-06-19 08:45:19'),
(44, 'Diana Rwegasira', 'diana.rwegasira@example.com', '3c5e688c1a7e4fefb6ff7bcb32eecdf3c8e7a4c23a7074c722a3c3cd542301dc', '+255798765432', FALSE, '2025-07-01 09:12:09'),
(45, 'James Wanjala', 'james.wanjala@example.com', '93446f17ed6457b1cbbee6e7fdb203dc137bcc0f1ac76a00d0eaa5fd091c2c29', '+254700987654', FALSE, '2025-05-25 13:35:57'),
(46, 'Lilian Nakato', 'lilian.nakato@example.com', '70141dc13ddd90b4eb55c7cfa77b49216775eeed4269500f48b3b170faf53ba4', '+256774567890', FALSE, '2025-08-03 15:00:00'),
(47, 'Dan Mugera', 'dan.mugera@example.com', '6e23ae818ce6709ab859f56f01cc4cf7ad5a3323e84a0fd1d4002173423b7d5d', '+254707896321', FALSE, '2025-01-28 11:20:11'),
(48, 'Faith Ninsiima', 'faith.ninsiima@example.com', 'f8ae4dd7c5b85df4519e3c3434aa7dcf9a4ed274cc68a4a1c1e57fa1b2c4b82a', '+256771234567', FALSE, '2025-09-10 09:18:45'),
(49, 'Allan Nduwimana', 'allan.nduwimana@example.com', '3c5e688c1a7e4fefb6ff7bcb32eecdf3c8e7a4c23a7074c722a3c3cd542301dc', '+257712345678', FALSE, '2025-04-14 17:11:30'),
(50, 'Sarah Mirembe', 'sarah.mirembe@example.com', '93446f17ed6457b1cbbee6e7fdb203dc137bcc0f1ac76a00d0eaa5fd091c2c29', '+256755443322', FALSE, '2025-11-09 08:31:59'),
(51, 'Josephine Atukunda', 'josephine.atukunda@example.com', 'f8ae4dd7c5b85df4519e3c3434aa7dcf9a4ed274cc68a4a1c1e57fa1b2c4b82a', '+256785004455', FALSE, '2025-02-03 10:20:15'),
(52, 'Nelson Kibwana', 'nelson.kibwana@example.com', '70141dc13ddd90b4eb55c7cfa77b49216775eeed4269500f48b3b170faf53ba4', '+254701122334', FALSE, '2025-06-26 14:07:39'),
(53, 'Florence Mburu', 'florence.mburu@example.com', '3c5e688c1a7e4fefb6ff7bcb32eecdf3c8e7a4c23a7074c722a3c3cd542301dc', '+254732112244', FALSE, '2025-03-13 09:23:58'),
(54, 'Isaac Gashugi', 'isaac.gashugi@example.com', '6e23ae818ce6709ab859f56f01cc4cf7ad5a3323e84a0fd1d4002173423b7d5d', '+250788123456', FALSE, '2025-10-15 07:40:00'),
(55, 'Asha Said', 'asha.said@example.com', '93446f17ed6457b1cbbee6e7fdb203dc137bcc0f1ac76a00d0eaa5fd091c2c29', '+255765432198', FALSE, '2025-12-01 12:12:12'),
(56, 'Benon Nsubuga', 'benon.nsubuga@example.com', 'f8ae4dd7c5b85df4519e3c3434aa7dcf9a4ed274cc68a4a1c1e57fa1b2c4b82a', '+256712000987', FALSE, '2025-04-22 11:11:11'),
(57, 'Naomi Mugwaneza', 'naomi.mugwaneza@example.com', '70141dc13ddd90b4eb55c7cfa77b49216775eeed4269500f48b3b170faf53ba4', '+250789345678', FALSE, '2025-08-17 16:44:03'),
(58, 'Fred Musoke', 'fred.musoke@example.com', '3c5e688c1a7e4fefb6ff7bcb32eecdf3c8e7a4c23a7074c722a3c3cd542301dc', '+256703333222', FALSE, '2025-01-10 09:55:55'),
(59, 'Angela Makena', 'angela.makena@example.com', '6e23ae818ce6709ab859f56f01cc4cf7ad5a3323e84a0fd1d4002173423b7d5d', '+254798765432', FALSE, '2025-07-23 13:50:22'),
(60, 'Tom Odhiambo', 'tom.odhiambo@example.com', 'f8ae4dd7c5b85df4519e3c3434aa7dcf9a4ed274cc68a4a1c1e57fa1b2c4b82a', '+254722334455', FALSE, '2025-05-17 15:05:05'),
(61, 'Annette Uwase', 'annette.uwase@example.com', '3c5e688c1a7e4fefb6ff7bcb32eecdf3c8e7a4c23a7074c722a3c3cd542301dc', '+250788556677', FALSE, '2025-03-21 11:45:12'),
(62, 'Peter Wekesa', 'peter.wekesa@example.com', '93446f17ed6457b1cbbee6e7fdb203dc137bcc0f1ac76a00d0eaa5fd091c2c29', '+254790011223', FALSE, '2025-05-28 10:14:08'),
(63, 'Linda Namazzi', 'linda.namazzi@example.com', '6e23ae818ce6709ab859f56f01cc4cf7ad5a3323e84a0fd1d4002173423b7d5d', '+256772345678', FALSE, '2025-06-06 13:59:33'),
(64, 'Brian Irakoze', 'brian.irakoze@example.com', '70141dc13ddd90b4eb55c7cfa77b49216775eeed4269500f48b3b170faf53ba4', '+257793001122', FALSE, '2025-08-30 16:22:11'),
(65, 'Martha Ogutu', 'martha.ogutu@example.com', 'f8ae4dd7c5b85df4519e3c3434aa7dcf9a4ed274cc68a4a1c1e57fa1b2c4b82a', '+254733998877', FALSE, '2025-09-04 08:13:47'),
(66, 'Eric Tumusiime', 'eric.tumusiime@example.com', '3c5e688c1a7e4fefb6ff7bcb32eecdf3c8e7a4c23a7074c722a3c3cd542301dc', '+256752009988', FALSE, '2025-04-17 12:31:44'),
(67, 'Stella Nankya', 'stella.nankya@example.com', '93446f17ed6457b1cbbee6e7fdb203dc137bcc0f1ac76a00d0eaa5fd091c2c29', '+256700998877', FALSE, '2025-01-05 14:28:09'),
(68, 'David Ngugi', 'david.ngugi@example.com', '6e23ae818ce6709ab859f56f01cc4cf7ad5a3323e84a0fd1d4002173423b7d5d', '+254707700900', FALSE, '2025-10-19 11:11:11'),
(69, 'Caroline Mugisha', 'caroline.mugisha@example.com', '70141dc13ddd90b4eb55c7cfa77b49216775eeed4269500f48b3b170faf53ba4', '+256780012344', FALSE, '2025-07-07 09:09:09'),
(70, 'John Barasa', 'john.barasa@example.com', 'f8ae4dd7c5b85df4519e3c3434aa7dcf9a4ed274cc68a4a1c1e57fa1b2c4b82a', '+254711112233', FALSE, '2025-02-12 10:10:10'),
(71, 'Beatrice Kanini', 'beatrice.kanini@example.com', '3c5e688c1a7e4fefb6ff7bcb32eecdf3c8e7a4c23a7074c722a3c3cd542301dc', '+254755998811', FALSE, '2025-03-01 12:12:12'),
(72, 'Emmanuel Gatera', 'emmanuel.gatera@example.com', '93446f17ed6457b1cbbee6e7fdb203dc137bcc0f1ac76a00d0eaa5fd091c2c29', '+250788332211', FALSE, '2025-06-02 14:45:45'),
(73, 'Olive Nyandwi', 'olive.nyandwi@example.com', '6e23ae818ce6709ab859f56f01cc4cf7ad5a3323e84a0fd1d4002173423b7d5d', '+257794445566', FALSE, '2025-11-20 13:00:00'),
(74, 'Isaiah Kipruto', 'isaiah.kipruto@example.com', '70141dc13ddd90b4eb55c7cfa77b49216775eeed4269500f48b3b170faf53ba4', '+254722009911', FALSE, '2025-01-14 11:22:33'),
(75, 'Ruth Mugenyi', 'ruth.mugenyi@example.com', 'f8ae4dd7c5b85df4519e3c3434aa7dcf9a4ed274cc68a4a1c1e57fa1b2c4b82a', '+256703030303', FALSE, '2025-09-18 15:55:00'),
(76, 'Andrew Kirunda', 'andrew.kirunda@example.com', '3c5e688c1a7e4fefb6ff7bcb32eecdf3c8e7a4c23a7074c722a3c3cd542301dc', '+256755667788', FALSE, '2025-04-26 10:10:10'),
(77, 'Christine Wairimu', 'christine.wairimu@example.com', '93446f17ed6457b1cbbee6e7fdb203dc137bcc0f1ac76a00d0eaa5fd091c2c29', '+254709988776', FALSE, '2025-08-08 08:08:08'),
(78, 'Vincent Tumukunde', 'vincent.tumukunde@example.com', '6e23ae818ce6709ab859f56f01cc4cf7ad5a3323e84a0fd1d4002173423b7d5d', '+256774001122', FALSE, '2025-05-15 09:45:00'),
(79, 'Esther Nambalirwa', 'esther.nambalirwa@example.com', '70141dc13ddd90b4eb55c7cfa77b49216775eeed4269500f48b3b170faf53ba4', '+256787665544', FALSE, '2025-06-06 07:00:00'),
(80, 'Kenneth Gikunda', 'kenneth.gikunda@example.com', 'f8ae4dd7c5b85df4519e3c3434aa7dcf9a4ed274cc68a4a1c1e57fa1b2c4b82a', '+254720112233', FALSE, '2025-12-12 12:12:12'),
(81, 'Josephine Abdi', 'josephine.abdi@example.com', '3c5e688c1a7e4fefb6ff7bcb32eecdf3c8e7a4c23a7074c722a3c3cd542301dc', '+254711229988', FALSE, '2025-02-15 09:32:10'),
(82, 'Nelson Birungi', 'nelson.birungi@example.com', '93446f17ed6457b1cbbee6e7fdb203dc137bcc0f1ac76a00d0eaa5fd091c2c29', '+256781118899', FALSE, '2025-03-22 11:44:50'),
(83, 'Carole Wanjiku', 'carole.wanjiku@example.com', '6e23ae818ce6709ab859f56f01cc4cf7ad5a3323e84a0fd1d4002173423b7d5d', '+254701334455', FALSE, '2025-06-18 14:20:30'),
(84, 'Fred Musoke', 'fred.musoke@example.com', '70141dc13ddd90b4eb55c7cfa77b49216775eeed4269500f48b3b170faf53ba4', '+256775667788', FALSE, '2025-07-10 08:30:45'),
(85, 'Peninah Mbogo', 'peninah.mbogo@example.com', 'f8ae4dd7c5b85df4519e3c3434aa7dcf9a4ed274cc68a4a1c1e57fa1b2c4b82a', '+254733556677', FALSE, '2025-10-12 17:15:00'),
(86, 'Tony Nkurunziza', 'tony.nkurunziza@example.com', '3c5e688c1a7e4fefb6ff7bcb32eecdf3c8e7a4c23a7074c722a3c3cd542301dc', '+257798877665', FALSE, '2025-04-25 09:05:15'),
(87, 'Jackline Namutebi', 'jackline.namutebi@example.com', '93446f17ed6457b1cbbee6e7fdb203dc137bcc0f1ac76a00d0eaa5fd091c2c29', '+256772556677', FALSE, '2025-08-06 12:10:40'),
(88, 'Martin Nyabuto', 'martin.nyabuto@example.com', '6e23ae818ce6709ab859f56f01cc4cf7ad5a3323e84a0fd1d4002173423b7d5d', '+254710334455', FALSE, '2025-09-14 16:45:35'),
(89, 'Joyce Achieng', 'joyce.achieng@example.com', '70141dc13ddd90b4eb55c7cfa77b49216775eeed4269500f48b3b170faf53ba4', '+254799223344', FALSE, '2025-01-09 07:20:00'),
(90, 'Charles Turyasingura', 'charles.turyasingura@example.com', 'f8ae4dd7c5b85df4519e3c3434aa7dcf9a4ed274cc68a4a1c1e57fa1b2c4b82a', '+256750998877', FALSE, '2025-11-11 10:40:00'),
(91, 'Gloria Waceke', 'gloria.waceke@example.com', '3c5e688c1a7e4fefb6ff7bcb32eecdf3c8e7a4c23a7074c722a3c3cd542301dc', '+254723556611', FALSE, '2025-03-09 13:15:15'),
(92, 'Rodrick Ndyamuhaki', 'rodrick.ndyamuhaki@example.com', '93446f17ed6457b1cbbee6e7fdb203dc137bcc0f1ac76a00d0eaa5fd091c2c29', '+256754443322', FALSE, '2025-02-20 14:10:10'),
(93, 'Pamela Njeri', 'pamela.njeri@example.com', '6e23ae818ce6709ab859f56f01cc4cf7ad5a3323e84a0fd1d4002173423b7d5d', '+254726778899', FALSE, '2025-06-12 15:22:22'),
(94, 'Frank Mugiraneza', 'frank.mugiraneza@example.com', '70141dc13ddd90b4eb55c7cfa77b49216775eeed4269500f48b3b170faf53ba4', '+250785667788', FALSE, '2025-05-30 11:00:00'),
(95, 'Rachael Tumushabe', 'rachael.tumushabe@example.com', 'f8ae4dd7c5b85df4519e3c3434aa7dcf9a4ed274cc68a4a1c1e57fa1b2c4b82a', '+256784556677', FALSE, '2025-07-19 08:30:00'),
(96, 'Collins Otieno', 'collins.otieno@example.com', '3c5e688c1a7e4fefb6ff7bcb32eecdf3c8e7a4c23a7074c722a3c3cd542301dc', '+254720000123', FALSE, '2025-04-06 12:12:12'),
(97, 'Faith Nanziri', 'faith.nanziri@example.com', '93446f17ed6457b1cbbee6e7fdb203dc137bcc0f1ac76a00d0eaa5fd091c2c29', '+256785000321', FALSE, '2025-08-16 10:10:10'),
(98, 'Dennis Karekezi', 'dennis.karekezi@example.com', '6e23ae818ce6709ab859f56f01cc4cf7ad5a3323e84a0fd1d4002173423b7d5d', '+250788889900', FALSE, '2025-09-01 11:30:30'),
(99, 'Susan Mumbua', 'susan.mumbua@example.com', '70141dc13ddd90b4eb55c7cfa77b49216775eeed4269500f48b3b170faf53ba4', '+254722556677', FALSE, '2025-12-24 14:50:00'),
(100, 'Moses Kimani', 'moses.kimani@example.com', 'f8ae4dd7c5b85df4519e3c3434aa7dcf9a4ed274cc68a4a1c1e57fa1b2c4b82a', '+254798887766', FALSE, '2025-10-05 17:05:05');






INSERT INTO property (id, host_id, title, description, address, city, state, country, price_per_night, max_guests, num_bedrooms, num_bathrooms, created_at)
VALUES
(1, 1, 'Cozy Apartment in Nairobi', 'A modern 2-bedroom apartment in Westlands.', '123 Waiyaki Way', 'Nairobi', 'Nairobi', 'Kenya', 45.00, 4, 2, 1, '2025-01-05 10:15:00'),
(2, 2, 'Lake View Bungalow', 'Peaceful home near Lake Victoria.', '456 Jinja Road', 'Entebbe', 'Central', 'Uganda', 60.00, 6, 3, 2, '2025-01-08 14:30:00'),
(3, 3, 'Stylish City Loft', 'Perfect for business travelers.', '789 Churchill Ave', 'Addis Ababa', 'Addis Ababa', 'Ethiopia', 55.00, 2, 1, 1, '2025-01-10 09:00:00'),
(4, 4, 'Serene Garden Villa', 'Spacious villa with a private garden.', '12 Kimihurura St', 'Kigali', 'Kigali', 'Rwanda', 70.00, 5, 3, 2, '2025-01-12 17:45:00'),
(5, 5, 'Beachfront Getaway', 'Steps away from the Indian Ocean.', '34 Ocean Rd', 'Dar es Salaam', 'Dar es Salaam', 'Tanzania', 85.00, 6, 3, 3, '2025-01-15 08:30:00'),
(6, 6, 'Downtown Studio', 'Affordable studio in the heart of the city.', '98 Kenyatta Ave', 'Nairobi', 'Nairobi', 'Kenya', 35.00, 2, 1, 1, '2025-01-18 12:10:00'),
(7, 7, 'Luxury Penthouse', 'High-end penthouse with rooftop views.', '6 Nakasero Rd', 'Kampala', 'Central', 'Uganda', 120.00, 4, 2, 2, '2025-01-20 14:00:00'),
(8, 8, 'Eco Lodge Cabin', 'Eco-friendly stay surrounded by nature.', 'Muganza Eco Park', 'Butare', 'Southern', 'Rwanda', 50.00, 3, 2, 1, '2025-01-22 09:45:00'),
(9, 9, 'City Centre Flat', 'Modern flat close to shopping & nightlife.', '14 Haile Selassie Blvd', 'Addis Ababa', 'Addis Ababa', 'Ethiopia', 40.00, 2, 1, 1, '2025-01-25 16:00:00'),
(10, 10, 'Secluded Mountain Retreat', 'Ideal for peace and hiking lovers.', 'Mount Meru Base', 'Arusha', 'Arusha', 'Tanzania', 75.00, 5, 3, 2, '2025-01-28 11:30:00'),
(11, 11, 'Charming Country Home', 'Spacious home with stunning views of Mount Kenya.', '123 Mountain View Rd', 'Nanyuki', 'Laikipia', 'Kenya', 80.00, 6, 4, 3, '2025-02-02 13:15:00'),
(12, 12, 'Cozy Villa in Nature', 'Secluded villa surrounded by lush greenery.', '24 Kisoro Rd', 'Kabale', 'Western', 'Uganda', 60.00, 4, 2, 2, '2025-02-04 10:30:00'),
(13, 13, 'Luxury Waterfront Condo', 'Modern condo with views of Lake Tanganyika.', '101 Waterfront St', 'Bujumbura', 'Bujumbura', 'Burundi', 100.00, 4, 2, 2, '2025-02-06 15:40:00'),
(14, 14, 'Penthouse in Downtown Nairobi', 'Elegant penthouse in Nairobi CBD with skyline views.', '88 Moi Ave', 'Nairobi', 'Nairobi', 'Kenya', 150.00, 6, 4, 3, '2025-02-09 12:20:00'),
(15, 15, 'Comfortable Family Home', 'Perfect for a family with children.', '56 Ruins Rd', 'Lusaka', 'Lusaka', 'Zambia', 50.00, 5, 3, 2, '2025-02-11 09:10:00'),
(16, 16, 'Safari Lodge Retreat', 'Enjoy a luxurious stay in the heart of Serengeti.', 'Serengeti National Park', 'Serengeti', 'Mara', 'Tanzania', 200.00, 8, 5, 4, '2025-02-14 17:00:00'),
(17, 17, 'Affordable Guesthouse', 'A budget-friendly guesthouse in central Addis Ababa.', '43 Menelik Ave', 'Addis Ababa', 'Addis Ababa', 'Ethiopia', 40.00, 2, 1, 1, '2025-02-17 11:50:00'),
(18, 18, 'Modern Condo in Kigali', 'Stylish condo with contemporary design.', '9 Kg 14 Ave', 'Kigali', 'Kigali', 'Rwanda', 90.00, 4, 3, 2, '2025-02-20 14:30:00'),
(19, 19, 'City Escape Flat', 'Relaxing flat with scenic city views.', '22 Independence Blvd', 'Nairobi', 'Nairobi', 'Kenya', 70.00, 4, 2, 2, '2025-02-23 08:45:00'),
(20, 20, 'Spacious Villa in Dar es Salaam', 'Enjoy ocean views and modern luxury.', '10 Ocean Breeze Dr', 'Dar es Salaam', 'Dar es Salaam', 'Tanzania', 125.00, 6, 4, 3, '2025-02-25 16:55:00'),
(21, 21, 'Elegant Villa with Pool', 'A beautiful villa with private pool and garden.', '112 Sunset Rd', 'Mombasa', 'Coast', 'Kenya', 95.00, 8, 5, 4, '2025-03-01 10:10:00'),
(22, 22, 'Beachfront Luxury Home', 'Exclusive home right on the beach in Zanzibar.', '99 Blue Ocean Rd', 'Zanzibar', 'Zanzibar', 'Tanzania', 250.00, 10, 5, 5, '2025-03-03 13:45:00'),
(23, 23, 'Modern Urban Apartment', 'A stylish apartment in downtown Nairobi.', '150 Kimathi St', 'Nairobi', 'Nairobi', 'Kenya', 70.00, 4, 2, 2, '2025-03-06 08:30:00'),
(24, 24, 'Private Lodge near Serengeti', 'Get close to nature with this private lodge experience.', 'Serengeti Lodge Rd', 'Serengeti', 'Mara', 'Tanzania', 180.00, 6, 3, 3, '2025-03-09 14:00:00'),
(25, 25, 'Charming Cottage in Kigali', 'A peaceful retreat in the heart of Kigali.', '80 Nyarugenge Ave', 'Kigali', 'Kigali', 'Rwanda', 55.00, 4, 2, 1, '2025-03-12 09:25:00'),
(26, 26, 'Rustic Mountain Lodge', 'Located in the scenic hills of Uganda.', '12 Kabale Rd', 'Kabale', 'Western', 'Uganda', 60.00, 6, 3, 2, '2025-03-15 10:40:00'),
(27, 27, 'Contemporary Coastal Condo', 'Modern design with panoramic ocean views.', '23 Shanzu Beach Rd', 'Mombasa', 'Coast', 'Kenya', 100.00, 4, 3, 2, '2025-03-17 12:00:00'),
(28, 28, 'Eco-Friendly Retreat in the Wild', 'Sustainable living in nature.', 'Ngorongoro Conservation Area', 'Arusha', 'Arusha', 'Tanzania', 120.00, 5, 3, 2, '2025-03-19 08:55:00'),
(29, 29, 'Stylish Townhouse in Dar es Salaam', 'Contemporary townhouse in a bustling city.', '34 Kiponda St', 'Dar es Salaam', 'Dar es Salaam', 'Tanzania', 85.00, 5, 3, 2, '2025-03-22 11:40:00'),
(30, 30, 'Luxury Safari Lodge', 'Exclusive lodge for the ultimate safari experience.', 'Ngorongoro Lodge Rd', 'Ngorongoro', 'Mara', 'Tanzania', 300.00, 8, 4, 3, '2025-03-25 13:30:00');





INSERT INTO bookings (id, property_id, guest_id, check_in, check_out, total_price, status, created_at, updated_at)
VALUES
(1, 1, 31, '2025-02-01', '2025-02-05', 180.00, 'confirmed', '2025-01-15 10:00:00', '2025-01-15 10:00:00'),
(2, 2, 32, '2025-02-10', '2025-02-14', 240.00, 'confirmed', '2025-01-18 12:30:00', '2025-01-18 12:30:00'),
(3, 3, 33, '2025-02-15', '2025-02-18', 165.00, 'confirmed', '2025-01-20 14:00:00', '2025-01-20 14:00:00'),
(4, 4, 34, '2025-03-01', '2025-03-05', 280.00, 'confirmed', '2025-02-10 16:30:00', '2025-02-10 16:30:00'),
(5, 5, 35, '2025-03-10', '2025-03-15', 425.00, 'confirmed', '2025-02-18 09:50:00', '2025-02-18 09:50:00'),
(6, 6, 36, '2025-03-12', '2025-03-18', 210.00, 'confirmed', '2025-02-20 12:10:00', '2025-02-20 12:10:00'),
(7, 7, 37, '2025-04-05', '2025-04-10', 600.00, 'confirmed', '2025-03-15 13:00:00', '2025-03-15 13:00:00'),
(8, 8, 38, '2025-04-15', '2025-04-19', 240.00, 'confirmed', '2025-03-22 11:45:00', '2025-03-22 11:45:00'),
(9, 9, 39, '2025-04-20', '2025-04-25', 200.00, 'confirmed', '2025-03-25 14:40:00', '2025-03-25 14:40:00'),
(10, 10, 40, '2025-05-01', '2025-05-06', 375.00, 'confirmed', '2025-04-10 12:20:00', '2025-04-10 12:20:00'),
(11, 11, 41, '2025-05-05', '2025-05-10', 400.00, 'confirmed', '2025-04-12 09:30:00', '2025-04-12 09:30:00'),
(12, 12, 42, '2025-05-15', '2025-05-18', 180.00, 'confirmed', '2025-04-20 14:00:00', '2025-04-20 14:00:00'),
(13, 13, 43, '2025-06-01', '2025-06-07', 700.00, 'confirmed', '2025-05-10 16:30:00', '2025-05-10 16:30:00'),
(14, 14, 44, '2025-06-05', '2025-06-10', 600.00, 'confirmed', '2025-05-12 12:15:00', '2025-05-12 12:15:00'),
(15, 15, 45, '2025-06-10', '2025-06-14', 240.00, 'confirmed', '2025-05-14 13:45:00', '2025-05-14 13:45:00'),
(16, 16, 46, '2025-07-01', '2025-07-05', 900.00, 'confirmed', '2025-06-20 15:00:00', '2025-06-20 15:00:00'),
(17, 17, 47, '2025-07-10', '2025-07-12', 120.00, 'confirmed', '2025-06-22 14:10:00', '2025-06-22 14:10:00'),
(18, 18, 48, '2025-07-20', '2025-07-25', 450.00, 'confirmed', '2025-06-25 10:40:00', '2025-06-25 10:40:00'),
(19, 19, 49, '2025-08-05', '2025-08-09', 280.00, 'confirmed', '2025-07-10 13:30:00', '2025-07-10 13:30:00'),
(20, 20, 50, '2025-08-15', '2025-08-20', 500.00, 'confirmed', '2025-07-15 09:00:00', '2025-07-15 09:00:00'),
(21, 21, 51, '2025-09-01', '2025-09-05', 475.00, 'confirmed', '2025-08-01 10:30:00', '2025-08-01 10:30:00'),
(22, 22, 52, '2025-09-10', '2025-09-15', 900.00, 'confirmed', '2025-08-05 12:20:00', '2025-08-05 12:20:00'),
(23, 23, 53, '2025-09-15', '2025-09-18', 210.00, 'confirmed', '2025-08-10 11:00:00', '2025-08-10 11:00:00'),
(24, 24, 54, '2025-09-20', '2025-09-25', 700.00, 'confirmed', '2025-08-15 14:10:00', '2025-08-15 14:10:00'),
(25, 25, 55, '2025-09-25', '2025-09-30', 275.00, 'confirmed', '2025-08-20 13:00:00', '2025-08-20 13:00:00'),
(26, 26, 56, '2025-10-05', '2025-10-09', 375.00, 'confirmed', '2025-09-01 12:45:00', '2025-09-01 12:45:00'),
(27, 27, 57, '2025-10-10', '2025-10-15', 320.00, 'confirmed', '2025-09-05 15:00:00', '2025-09-05 15:00:00'),
(28, 28, 58, '2025-10-15', '2025-10-20', 580.00, 'confirmed', '2025-09-08 09:30:00', '2025-09-08 09:30:00'),
(29, 29, 59, '2025-10-20', '2025-10-25', 450.00, 'confirmed', '2025-09-12 14:30:00', '2025-09-12 14:30:00'),
(30, 30, 60, '2025-10-25', '2025-10-30', 600.00, 'confirmed', '2025-09-18 10:40:00', '2025-09-18 10:40:00'),
(31, 31, 61, '2025-11-01', '2025-11-05', 300.00, 'confirmed', '2025-10-02 11:50:00', '2025-10-02 11:50:00'),
(32, 32, 62, '2025-11-05', '2025-11-10', 500.00, 'confirmed', '2025-10-05 10:30:00', '2025-10-05 10:30:00'),
(33, 33, 63, '2025-11-15', '2025-11-20', 700.00, 'confirmed', '2025-10-10 12:00:00', '2025-10-10 12:00:00'),
(34, 34, 64, '2025-11-20', '2025-11-25', 600.00, 'confirmed', '2025-10-15 14:00:00', '2025-10-15 14:00:00'),
(35, 35, 65, '2025-11-25', '2025-11-30', 450.00, 'confirmed', '2025-10-18 13:15:00', '2025-10-18 13:15:00'),
(36, 36, 66, '2025-12-01', '2025-12-05', 380.00, 'confirmed', '2025-10-20 10:30:00', '2025-10-20 10:30:00'),
(37, 37, 67, '2025-12-05', '2025-12-10', 550.00, 'confirmed', '2025-10-25 12:40:00', '2025-10-25 12:40:00'),
(38, 38, 68, '2025-12-10', '2025-12-15', 490.00, 'confirmed', '2025-11-01 13:00:00', '2025-11-01 13:00:00'),
(39, 39, 69, '2025-12-15', '2025-12-20', 620.00, 'confirmed', '2025-11-05 11:00:00', '2025-11-05 11:00:00'),
(40, 40, 70, '2025-12-20', '2025-12-25', 550.00, 'confirmed', '2025-11-10 12:10:00', '2025-11-10 12:10:00'),
INSERT INTO bookings (id, property_id, guest_id, check_in, check_out, total_price, status, created_at, updated_at)
VALUES
(41, 41, 71, '2025-01-05', '2025-01-10', 350.00, 'confirmed', '2025-01-01 10:00:00', '2025-01-01 10:00:00'),
(42, 42, 72, '2025-01-10', '2025-01-14', 400.00, 'confirmed', '2025-01-03 12:30:00', '2025-01-03 12:30:00'),
(43, 43, 73, '2025-01-15', '2025-01-20', 500.00, 'confirmed', '2025-01-05 14:00:00', '2025-01-05 14:00:00'),
(44, 44, 74, '2025-01-20', '2025-01-25', 450.00, 'confirmed', '2025-01-07 09:40:00', '2025-01-07 09:40:00'),
(45, 45, 75, '2025-01-25', '2025-01-30', 600.00, 'confirmed', '2025-01-10 11:15:00', '2025-01-10 11:15:00'),
(46, 46, 76, '2025-02-01', '2025-02-05', 420.00, 'confirmed', '2025-01-12 10:00:00', '2025-01-12 10:00:00'),
(47, 47, 77, '2025-02-10', '2025-02-14', 500.00, 'confirmed', '2025-01-14 13:20:00', '2025-01-14 13:20:00'),
(48, 48, 78, '2025-02-15', '2025-02-20', 550.00, 'confirmed', '2025-01-17 15:10:00', '2025-01-17 15:10:00'),
(49, 49, 79, '2025-02-20', '2025-02-25', 420.00, 'confirmed', '2025-01-19 14:50:00', '2025-01-19 14:50:00'),
(50, 50, 80, '2025-02-25', '2025-03-01', 480.00, 'confirmed', '2025-01-21 16:30:00', '2025-01-21 16:30:00'),
(51, 51, 81, '2025-03-05', '2025-03-10', 350.00, 'confirmed', '2025-02-05 12:00:00', '2025-02-05 12:00:00'),
(52, 52, 82, '2025-03-10', '2025-03-15', 420.00, 'confirmed', '2025-02-07 11:40:00', '2025-02-07 11:40:00'),
(53, 53, 83, '2025-03-15', '2025-03-20', 480.00, 'confirmed', '2025-02-10 14:30:00', '2025-02-10 14:30:00'),
(54, 54, 84, '2025-03-20', '2025-03-25', 450.00, 'confirmed', '2025-02-12 16:20:00', '2025-02-12 16:20:00'),
(55, 55, 85, '2025-03-25', '2025-03-30', 550.00, 'confirmed', '2025-02-14 09:30:00', '2025-02-14 09:30:00'),
(56, 56, 86, '2025-04-05', '2025-04-10', 500.00, 'confirmed', '2025-03-01 12:10:00', '2025-03-01 12:10:00'),
(57, 57, 87, '2025-04-10', '2025-04-15', 600.00, 'confirmed', '2025-03-03 13:30:00', '2025-03-03 13:30:00'),
(58, 58, 88, '2025-04-15', '2025-04-20', 550.00, 'confirmed', '2025-03-05 15:50:00', '2025-03-05 15:50:00'),
(59, 59, 89, '2025-04-20', '2025-04-25', 480.00, 'confirmed', '2025-03-07 16:10:00', '2025-03-07 16:10:00'),
(60, 60, 90, '2025-04-25', '2025-04-30', 500.00, 'confirmed', '2025-03-10 11:40:00', '2025-03-10 11:40:00'),
(61, 61, 91, '2025-05-05', '2025-05-10', 620.00, 'confirmed', '2025-03-15 14:00:00', '2025-03-15 14:00:00'),
(62, 62, 92, '2025-05-10', '2025-05-15', 550.00, 'confirmed', '2025-03-18 12:20:00', '2025-03-18 12:20:00'),
(63, 63, 93, '2025-05-15', '2025-05-20', 580.00, 'confirmed', '2025-03-20 14:40:00', '2025-03-20 14:40:00'),
(64, 64, 94, '2025-05-20', '2025-05-25', 630.00, 'confirmed', '2025-03-22 15:30:00', '2025-03-22 15:30:00'),
(65, 65, 95, '2025-05-25', '2025-05-30', 580.00, 'confirmed', '2025-03-25 10:10:00', '2025-03-25 10:10:00'),
(66, 66, 96, '2025-06-05', '2025-06-10', 550.00, 'confirmed', '2025-04-01 12:30:00', '2025-04-01 12:30:00'),
(67, 67, 97, '2025-06-10', '2025-06-15', 480.00, 'confirmed', '2025-04-05 14:40:00', '2025-04-05 14:40:00'),
(68, 68, 98, '2025-06-15', '2025-06-20', 540.00, 'confirmed', '2025-04-10 16:00:00', '2025-04-10 16:00:00'),
(69, 69, 99, '2025-06-20', '2025-06-25', 490.00, 'confirmed', '2025-04-12 10:20:00', '2025-04-12 10:20:00'),
(70, 70, 100, '2025-06-25', '2025-06-30', 530.00, 'confirmed', '2025-04-15 12:50:00', '2025-04-15 12:50:00'),
(71, 71, 101, '2025-07-01', '2025-07-06', 600.00, 'confirmed', '2025-04-20 14:00:00', '2025-04-20 14:00:00'),
(72, 72, 102, '2025-07-05', '2025-07-10', 480.00, 'confirmed', '2025-04-22 16:30:00', '2025-04-22 16:30:00'),
(73, 73, 103, '2025-07-10', '2025-07-15', 530.00, 'confirmed', '2025-04-25 15:20:00', '2025-04-25 15:20:00'),
(74, 74, 104, '2025-07-15', '2025-07-20', 550.00, 'confirmed', '2025-04-28 11:00:00', '2025-04-28 11:00:00'),
(75, 75, 105, '2025-07-20', '2025-07-25', 500.00, 'confirmed', '2025-05-01 14:20:00', '2025-05-01 14:20:00'),
(76, 76, 106, '2025-07-25', '2025-07-30', 600.00, 'confirmed', '2025-05-05 12:10:00', '2025-05-05 12:10:00'),
(77, 77, 107, '2025-08-01', '2025-08-05', 620.00, 'confirmed', '2025-05-08 13:30:00', '2025-05-08 13:30:00'),
(78, 78, 108, '2025-08-05', '2025-08-10', 570.00, 'confirmed', '2025-05-10 15:40:00', '2025-05-10 15:40:00'),
(79, 79, 109, '2025-08-10', '2025-08-15', 550.00, 'confirmed', '2025-05-12 12:20:00', '2025-05-12 12:20:00'),
(80, 80, 110, '2025-08-15', '2025-08-20', 490.00, 'confirmed', '2025-05-15 13:00:00', '2025-05-15 13:00:00'),
(81, 81, 111, '2025-08-20', '2025-08-25', 530.00, 'confirmed', '2025-05-18 14:30:00', '2025-05-18 14:30:00'),
(82, 82, 112, '2025-08-25', '2025-08-30', 600.00, 'confirmed', '2025-05-20 11:40:00', '2025-05-20 11:40:00'),
(83, 83, 113, '2025-09-01', '2025-09-06', 450.00, 'confirmed', '2025-05-22 12:30:00', '2025-05-22 12:30:00'),
(84, 84, 114, '2025-09-05', '2025-09-10', 480.00, 'confirmed', '2025-05-25 10:00:00', '2025-05-25 10:00:00'),
(85, 85, 115, '2025-09-10', '2025-09-15', 500.00, 'confirmed', '2025-05-28 14:40:00', '2025-05-28 14:40:00'),
(86, 86, 116, '2025-09-15', '2025-09-20', 550.00, 'confirmed', '2025-05-30 11:00:00', '2025-05-30 11:00:00'),
(87, 87, 117, '2025-09-20', '2025-09-25', 580.00, 'confirmed', '2025-06-02 10:30:00', '2025-06-02 10:30:00'),
(88, 88, 118, '2025-09-25', '2025-09-30', 600.00, 'confirmed', '2025-06-05 15:50:00', '2025-06-05 15:50:00'),
(89, 89, 119, '2025-10-01', '2025-10-05', 530.00, 'confirmed', '2025-06-08 13:40:00', '2025-06-08 13:40:00'),
(90, 90, 120, '2025-10-05', '2025-10-10', 570.00, 'confirmed', '2025-06-10 12:00:00', '2025-06-10 12:00:00'),
(91, 91, 121, '2025-10-10', '2025-10-15', 600.00, 'confirmed', '2025-06-12 14:00:00', '2025-06-12 14:00:00'),
(92, 92, 122, '2025-10-15', '2025-10-20', 650.00, 'confirmed', '2025-06-15 13:20:00', '2025-06-15 13:20:00'),
(93, 93, 123, '2025-10-20', '2025-10-25', 680.00, 'confirmed', '2025-06-18 12:10:00', '2025-06-18 12:10:00'),
(94, 94, 124, '2025-10-25', '2025-10-30', 650.00, 'confirmed', '2025-06-20 11:40:00', '2025-06-20 11:40:00'),
(95, 95, 125, '2025-11-01', '2025-11-05', 670.00, 'confirmed', '2025-06-22 10:30:00', '2025-06-22 10:30:00'),
(96, 96, 126, '2025-11-05', '2025-11-10', 650.00, 'confirmed', '2025-06-25 13:30:00', '2025-06-25 13:30:00'),
(97, 97, 127, '2025-11-10', '2025-11-15', 700.00, 'confirmed', '2025-06-28 15:40:00', '2025-06-28 15:40:00'),
(98, 98, 128, '2025-11-15', '2025-11-20', 750.00, 'confirmed', '2025-07-01 14:50:00', '2025-07-01 14:50:00'),
(99, 99, 129, '2025-11-20', '2025-11-25', 720.00, 'confirmed', '2025-07-03 11:20:00', '2025-07-03 11:20:00'),
(100, 100, 130, '2025-11-25', '2025-11-30', 750.00, 'confirmed', '2025-07-05 12:30:00', '2025-07-05 12:30:00');





INSERT INTO payments (id, booking_id, amount, payment_method, payment_status, paid_at)
VALUES
(1, 1, 600.00, 'Credit Card', 'completed', '2025-04-21 14:15:00'),
(2, 2, 480.00, 'PayPal', 'completed', '2025-04-23 15:40:00'),
(3, 3, 530.00, 'Bank Transfer', 'completed', '2025-04-26 11:10:00'),
(4, 4, 550.00, 'Credit Card', 'completed', '2025-04-29 12:30:00'),
(5, 5, 500.00, 'PayPal', 'completed', '2025-05-02 13:25:00'),
(6, 6, 600.00, 'Bank Transfer', 'completed', '2025-05-06 10:40:00'),
(7, 7, 620.00, 'Credit Card', 'completed', '2025-05-09 12:00:00'),
(8, 8, 570.00, 'PayPal', 'completed', '2025-05-11 14:30:00'),
(9, 9, 550.00, 'Bank Transfer', 'completed', '2025-05-13 13:40:00'),
(10, 10, 490.00, 'Credit Card', 'completed', '2025-05-16 12:10:00'),
(11, 11, 530.00, 'PayPal', 'completed', '2025-05-19 11:50:00'),
(12, 12, 600.00, 'Bank Transfer', 'completed', '2025-05-21 14:00:00'),
(13, 13, 450.00, 'Credit Card', 'completed', '2025-05-23 15:25:00'),
(14, 14, 480.00, 'PayPal', 'completed', '2025-05-26 12:40:00'),
(15, 15, 500.00, 'Bank Transfer', 'completed', '2025-05-29 13:10:00'),
(16, 16, 550.00, 'Credit Card', 'completed', '2025-06-01 14:45:00'),
(17, 17, 580.00, 'PayPal', 'completed', '2025-06-03 11:20:00'),
(18, 18, 600.00, 'Bank Transfer', 'completed', '2025-06-05 14:50:00'),
(19, 19, 530.00, 'Credit Card', 'completed', '2025-06-08 12:00:00'),
(20, 20, 570.00, 'PayPal', 'completed', '2025-06-10 13:40:00'),
(21, 21, 600.00, 'Bank Transfer', 'completed', '2025-06-12 15:30:00'),
(22, 22, 650.00, 'Credit Card', 'completed', '2025-06-14 10:20:00'),
(23, 23, 680.00, 'PayPal', 'completed', '2025-06-17 14:10:00'),
(24, 24, 650.00, 'Bank Transfer', 'completed', '2025-06-20 11:00:00'),
(25, 25, 670.00, 'Credit Card', 'completed', '2025-06-22 12:40:00'),
(26, 26, 650.00, 'PayPal', 'completed', '2025-06-24 14:00:00'),
(27, 27, 700.00, 'Bank Transfer', 'completed', '2025-06-27 15:30:00'),
(28, 28, 750.00, 'Credit Card', 'completed', '2025-06-30 13:50:00'),
(29, 29, 720.00, 'PayPal', 'completed', '2025-07-02 14:30:00'),
(30, 30, 750.00, 'Bank Transfer', 'completed', '2025-07-05 12:20:00'),
(31, 31, 600.00, 'Credit Card', 'completed', '2025-07-08 13:10:00'),
(32, 32, 540.00, 'PayPal', 'completed', '2025-07-10 12:00:00'),
(33, 33, 550.00, 'Bank Transfer', 'completed', '2025-07-13 14:30:00'),
(34, 34, 600.00, 'Credit Card', 'completed', '2025-07-15 13:10:00'),
(35, 35, 560.00, 'PayPal', 'completed', '2025-07-18 14:50:00'),
(36, 36, 590.00, 'Bank Transfer', 'completed', '2025-07-21 12:40:00'),
(37, 37, 520.00, 'Credit Card', 'completed', '2025-07-24 13:20:00'),
(38, 38, 630.00, 'PayPal', 'completed', '2025-07-27 12:30:00'),
(39, 39, 660.00, 'Bank Transfer', 'completed', '2025-07-30 14:10:00'),
(40, 40, 620.00, 'Credit Card', 'completed', '2025-08-02 13:50:00'),
(41, 41, 580.00, 'PayPal', 'completed', '2025-08-05 11:30:00'),
(42, 42, 600.00, 'Bank Transfer', 'completed', '2025-08-08 12:20:00'),
(43, 43, 590.00, 'Credit Card', 'completed', '2025-08-10 13:00:00'),
(44, 44, 620.00, 'PayPal', 'completed', '2025-08-13 14:30:00'),
(45, 45, 550.00, 'Bank Transfer', 'completed', '2025-08-16 11:10:00'),
(46, 46, 580.00, 'Credit Card', 'completed', '2025-08-19 12:50:00'),
(47, 47, 600.00, 'PayPal', 'completed', '2025-08-22 13:20:00'),
(48, 48, 630.00, 'Bank Transfer', 'completed', '2025-08-25 12:40:00'),
(49, 49, 570.00, 'Credit Card', 'completed', '2025-08-28 13:00:00'),
(50, 50, 610.00, 'PayPal', 'completed', '2025-08-31 14:00:00'),
(51, 51, 560.00, 'Bank Transfer', 'completed', '2025-09-03 12:50:00'),
(52, 52, 590.00, 'Credit Card', 'completed', '2025-09-05 11:40:00'),
(53, 53, 620.00, 'PayPal', 'completed', '2025-09-08 12:30:00'),
(54, 54, 640.00, 'Bank Transfer', 'completed', '2025-09-11 14:20:00'),
(55, 55, 670.00, 'Credit Card', 'completed', '2025-09-14 13:10:00'),
(56, 56, 690.00, 'PayPal', 'completed', '2025-09-17 14:40:00'),
(57, 57, 720.00, 'Bank Transfer', 'completed', '2025-09-20 13:00:00'),
(58, 58, 700.00, 'Credit Card', 'completed', '2025-09-23 12:20:00'),
(59, 59, 740.00, 'PayPal', 'completed', '2025-09-26 13:40:00'),
(60, 60, 710.00, 'Bank Transfer', 'completed', '2025-09-29 14:50:00'),
(61, 61, 730.00, 'Credit Card', 'completed', '2025-10-02 12:40:00'),
(62, 62, 750.00, 'PayPal', 'completed', '2025-10-05 13:00:00'),
(63, 63, 760.00, 'Bank Transfer', 'completed', '2025-10-08 14:30:00'),
(64, 64, 780.00, 'Credit Card', 'completed', '2025-10-11 12:50:00'),
(65, 65, 800.00, 'PayPal', 'completed', '2025-10-14 13:20:00'),
(66, 66, 770.00, 'Bank Transfer', 'completed', '2025-10-17 14:10:00'),
(67, 67, 790.00, 'Credit Card', 'completed', '2025-10-20 11:40:00'),
(68, 68, 800.00, 'PayPal', 'completed', '2025-10-23 13:30:00'),
(69, 69, 850.00, 'Bank Transfer', 'completed', '2025-10-26 12:20:00'),
(70, 70, 820.00, 'Credit Card', 'completed', '2025-10-29 14:00:00'),
(71, 71, 600.00, 'PayPal', 'completed', '2025-11-01 13:50:00'),
(72, 72, 650.00, 'Bank Transfer', 'completed', '2025-11-04 12:00:00'),
(73, 73, 670.00, 'Credit Card', 'completed', '2025-11-07 14:30:00'),
(74, 74, 690.00, 'PayPal', 'completed', '2025-11-10 12:10:00'),
(75, 75, 710.00, 'Bank Transfer', 'completed', '2025-11-13 13:40:00'),
(76, 76, 740.00, 'Credit Card', 'completed', '2025-11-16 11:30:00'),
(77, 77, 760.00, 'PayPal', 'completed', '2025-11-19 12:00:00'),
(78, 78, 770.00, 'Bank Transfer', 'completed', '2025-11-22 13:10:00'),
(79, 79, 780.00, 'Credit Card', 'completed', '2025-11-25 14:00:00'),
(80, 80, 800.00, 'PayPal', 'completed', '2025-11-28 12:30:00'),
(81, 81, 830.00, 'Bank Transfer', 'completed', '2025-12-01 13:20:00'),
(82, 82, 850.00, 'Credit Card', 'completed', '2025-12-04 12:40:00'),
(83, 83, 860.00, 'PayPal', 'completed', '2025-12-07 14:30:00'),
(84, 84, 880.00, 'Bank Transfer', 'completed', '2025-12-10 11:50:00'),
(85, 85, 900.00, 'Credit Card', 'completed', '2025-12-13 13:10:00'),
(86, 86, 920.00, 'PayPal', 'completed', '2025-12-16 12:30:00'),
(87, 87, 950.00, 'Bank Transfer', 'completed', '2025-12-19 13:20:00'),
(88, 88, 960.00, 'Credit Card', 'completed', '2025-12-22 14:10:00'),
(89, 89, 980.00, 'PayPal', 'completed', '2025-12-25 13:00:00'),
(90, 90, 1000.00, 'Bank Transfer', 'completed', '2025-12-28 12:30:00'),
(91, 91, 1050.00, 'Credit Card', 'completed', '2025-12-31 13:40:00'),
(92, 92, 1100.00, 'PayPal', 'completed', '2025-12-31 15:00:00'),
(93, 93, 1150.00, 'Bank Transfer', 'completed', '2025-12-31 16:30:00'),
(94, 94, 1200.00, 'Credit Card', 'completed', '2025-12-31 17:00:00'),
(95, 95, 1250.00, 'PayPal', 'completed', '2025-12-31 18:10:00'),
(96, 96, 1300.00, 'Bank Transfer', 'completed', '2025-12-31 19:30:00'),
(97, 97, 1350.00, 'Credit Card', 'completed', '2025-12-31 20:40:00'),
(98, 98, 1400.00, 'PayPal', 'completed', '2025-12-31 21:50:00'),
(99, 99, 1450.00, 'Bank Transfer', 'completed', '2025-12-31 22:30:00'),
(100, 100, 1500.00, 'Credit Card', 'completed', '2025-12-31 23:40:00');




INSERT INTO reviews (id, listing_id, reviewer_id, rating, comment, created_at)
VALUES
(1, 1, 2, 5, 'Amazing stay, the property was beautiful and the host was so welcoming. Would stay again!', '2025-01-15 14:10:00'),
(2, 2, 3, 4, 'Great location, very clean, but the check-in process could be smoother.', '2025-01-18 10:20:00'),
(3, 3, 4, 3, 'Property was okay, but there were some issues with the water heating system. Could be better.', '2025-01-20 16:30:00'),
(4, 4, 5, 5, 'Absolutely perfect! The view from the apartment is stunning and the neighborhood is so peaceful.', '2025-01-22 12:40:00'),
(5, 5, 6, 2, 'Not as described, the property was smaller than expected and some amenities were missing.', '2025-01-24 17:00:00'),
(6, 6, 7, 5, 'Best vacation home I have ever stayed in. The pool was amazing and the host was very accommodating.', '2025-01-26 13:20:00'),
(7, 7, 8, 4, 'Great place to stay, very convenient location. Only downside was the noise at night.', '2025-01-29 14:15:00'),
(8, 8, 9, 5, 'Loved the property. It was spacious, well decorated, and the staff were friendly and helpful.', '2025-02-01 11:00:00'),
(9, 9, 10, 4, 'Very nice apartment, but the WiFi could be faster. Overall a pleasant stay.', '2025-02-03 15:30:00'),
(10, 10, 11, 3, 'Decent place but the bathroom was a bit outdated. The host was friendly though.', '2025-02-06 12:50:00'),
(11, 11, 12, 4, 'Property was as expected, good value for the price. Would recommend it to others.', '2025-02-08 13:40:00'),
(12, 12, 13, 5, 'Wonderful property with great amenities. We had a blast and the host was very helpful.', '2025-02-10 14:20:00'),
(13, 13, 14, 4, 'Good property, but the air conditioning didn\'t work properly. Otherwise, it was a comfortable stay.', '2025-02-13 17:30:00'),
(14, 14, 15, 3, 'The place was nice but wasn\'t properly cleaned when we arrived. Would have liked a more thorough cleaning.', '2025-02-16 14:00:00'),
(15, 15, 16, 5, 'Amazing place, great hospitality, and the view was to die for! Highly recommend!', '2025-02-19 11:10:00'),
(16, 16, 17, 2, 'The property was not as advertised, there were several issues with plumbing. Not a pleasant experience.', '2025-02-21 16:20:00'),
(17, 17, 18, 5, 'We loved our stay here. The apartment was comfortable, stylish, and had everything we needed!', '2025-02-24 14:40:00'),
(18, 18, 19, 4, 'Great stay overall. The location was perfect, but a bit noisy during the night. Still, a lovely place to stay.', '2025-02-26 13:30:00'),
(19, 19, 20, 5, 'Had a wonderful time here. The host was great, and the place was very cozy and clean.', '2025-03-01 12:00:00'),
(20, 20, 21, 3, 'The property was decent, but the kitchen had some missing utensils. Could be improved.', '2025-03-03 15:50:00'),
(21, 21, 22, 5, 'Absolutely stunning. Everything was perfect. Will definitely come back for future trips.', '2025-03-06 14:30:00'),
(22, 22, 23, 4, 'The apartment was great, but the hot water ran out quickly. Still a good place for a short stay.', '2025-03-09 10:50:00'),
(23, 23, 24, 5, 'Wonderful host, amazing property, highly recommended. Had a fantastic time!', '2025-03-11 13:40:00'),
(24, 24, 25, 3, 'The place was okay, but there were some issues with cleanliness and maintenance. Could be better.', '2025-03-13 17:10:00'),
(25, 25, 26, 4, 'Good place to stay for a weekend getaway. The location was central and easy to get around.', '2025-03-16 12:30:00'),
(26, 26, 27, 5, 'Amazing house with great amenities. Our stay was very comfortable, and the host was very responsive.', '2025-03-18 11:00:00'),
(27, 27, 28, 2, 'The property was disappointing. It was smaller than expected and didn’t meet our expectations.', '2025-03-21 14:20:00'),
(28, 28, 29, 5, 'This was the perfect stay! The house had everything we needed, and the location was ideal.', '2025-03-24 15:30:00'),
(29, 29, 30, 3, 'Property was okay but needs some upgrades. The furniture was a bit old and uncomfortable.', '2025-03-27 16:10:00'),
(30, 30, 31, 4, 'Nice place overall, the host was friendly, but the Wi-Fi was slow. Still, we had a pleasant stay.', '2025-03-29 13:40:00'),
(31, 31, 32, 4, 'Property was great and well-maintained. The only downside was the lack of a full kitchen.', '2025-04-01 14:30:00'),
(32, 32, 33, 5, 'Had an amazing stay, the property had beautiful views and was very peaceful. Highly recommend!', '2025-04-03 12:40:00'),
(33, 33, 34, 3, 'The location was great, but the cleanliness could have been better. Overall, it was a decent stay.', '2025-04-06 11:20:00'),
(34, 34, 35, 5, 'I had a fantastic time at this property! Very cozy and quiet, perfect for a weekend retreat.', '2025-04-08 13:00:00'),
(35, 35, 36, 2, 'Disappointing experience. There were issues with the heating system, and the property was not cleaned properly.', '2025-04-10 14:50:00'),
(36, 36, 37, 4, 'Lovely property with a great view. However, the air conditioning didn’t work properly during our stay.', '2025-04-13 12:30:00'),
(37, 37, 38, 3, 'The property was okay but a bit too noisy at night. Could use more soundproofing.', '2025-04-15 16:40:00'),
(38, 38, 39, 4, 'Nice location, very comfortable. Would be even better if there were more kitchen amenities.', '2025-04-17 13:10:00'),
(39, 39, 40, 5, 'Such a beautiful place, and the host was very friendly. Would stay again without hesitation!', '2025-04-20 14:00:00'),
(40, 40, 41, 3, 'The property was fine, but there were a few issues with plumbing. Still, overall a good stay.', '2025-04-22 11:50:00');
